[
    {
        "pk": 1, 
        "model": "auth.group", 
        "fields": {
            "name": "End User", 
            "permissions": []
        }
    }, 
    {
        "pk": 2, 
        "model": "auth.group", 
        "fields": {
            "name": "End Admin", 
            "permissions": []
        }
    }, 
    {
        "pk": 1, 
        "model": "auth.user", 
        "fields": {
            "username": "ucadmin", 
            "first_name": "unchained", 
            "last_name": "admin", 
            "is_active": true, 
            "is_superuser": true, 
            "is_staff": true, 
            "last_login": "2013-10-19T03:34:31.116Z", 
            "groups": [
                1
            ], 
            "user_permissions": [], 
            "password": "pbkdf2_sha256$10000$qUhmHidnE8lV$isYslDNZARfLppvtdptSEMDK2Wa9dRHDPzJXvgI/Z9w=", 
            "email": "do-not-reply@uwa.edu.au", 
            "date_joined": "2013-10-10T11:06:13.362Z"
        }
    }, 
    {
        "pk": 2, 
        "model": "auth.user", 
        "fields": {
            "username": "testuser", 
            "first_name": "test", 
            "last_name": "user", 
            "is_active": true, 
            "is_superuser": false, 
            "is_staff": false, 
            "last_login": "2013-10-10T13:07:44.857Z", 
            "groups": [
                1
            ], 
            "user_permissions": [], 
            "password": "pbkdf2_sha256$10000$be41VjcFqXXT$hh9IUY7puGECVyGaSzmm76NPMuovD80OJoATveKFLI0=", 
            "email": "test@user.com", 
            "date_joined": "2013-10-10T11:07:45.545Z"
        }
    }, 
    {
        "pk": 3, 
        "model": "auth.user", 
        "fields": {
            "username": "testadmin", 
            "first_name": "test", 
            "last_name": "admin", 
            "is_active": true, 
            "is_superuser": false, 
            "is_staff": false, 
            "last_login": "2013-10-19T04:12:08.210Z", 
            "groups": [
                1, 
                2
            ], 
            "user_permissions": [], 
            "password": "pbkdf2_sha256$10000$Fc8w7mjBMHy6$QxnI78hrp+h4/bPpCSJTUY6Ky5iVVMEBeCjKXrR0TeY=", 
            "email": "test@admin.com", 
            "date_joined": "2013-10-10T23:42:12Z"
        }
    }, 
    {
        "pk": 4, 
        "model": "auth.user", 
        "fields": {
            "username": "Mill", 
            "first_name": "Miles", 
            "last_name": "Edgeworth", 
            "is_active": true, 
            "is_superuser": false, 
            "is_staff": false, 
            "last_login": "2013-10-19T04:11:28.001Z", 
            "groups": [
                1
            ], 
            "user_permissions": [], 
            "password": "pbkdf2_sha256$10000$o5QqAYwtnwgp$R17ER0SR2ttEDX7KMAyS+3F9UvlM1kM8PcGPV1MW5rM=", 
            "email": "something@website.com", 
            "date_joined": "2013-10-18T04:57:00.067Z"
        }
    }, 
    {
        "pk": 5, 
        "model": "auth.user", 
        "fields": {
            "username": "HiAll123", 
            "first_name": "Something o.", 
            "last_name": "Other", 
            "is_active": true, 
            "is_superuser": false, 
            "is_staff": false, 
            "last_login": "2013-10-19T04:11:10.384Z", 
            "groups": [
                1
            ], 
            "user_permissions": [], 
            "password": "pbkdf2_sha256$10000$vK1mEKpjLdr1$MaAWxZ/O6t1CG7kGQwSt8XU/WPtvejapPj1DuetYFBE=", 
            "email": "something@website3.com", 
            "date_joined": "2013-10-18T05:12:07.712Z"
        }
    }, 
    {
        "pk": 6, 
        "model": "auth.user", 
        "fields": {
            "username": "Extra", 
            "first_name": "Ecks P.", 
            "last_name": "Slosive", 
            "is_active": true, 
            "is_superuser": false, 
            "is_staff": false, 
            "last_login": "2013-10-18T05:45:21.124Z", 
            "groups": [
                1
            ], 
            "user_permissions": [], 
            "password": "pbkdf2_sha256$10000$xhlGInh76WL7$/L8l32l/LHw6Hgj25WxW3GKhsOaQZAYo3Rpuc+GP5yw=", 
            "email": "something@website4.com", 
            "date_joined": "2013-10-18T05:41:45.217Z"
        }
    }, 
    {
        "pk": 7, 
        "model": "auth.user", 
        "fields": {
            "username": "Demo1", 
            "first_name": "de", 
            "last_name": "mo", 
            "is_active": true, 
            "is_superuser": false, 
            "is_staff": false, 
            "last_login": "2013-10-19T03:56:09.692Z", 
            "groups": [
                1
            ], 
            "user_permissions": [], 
            "password": "pbkdf2_sha256$10000$7GwOCF5xMerO$2UalaHlXfHQIqOtqz7V/eQYY7anfmZD8JHpAOKxSnGk=", 
            "email": "demo1@demo.com", 
            "date_joined": "2013-10-19T03:36:09.378Z"
        }
    }, 
    {
        "pk": 8, 
        "model": "auth.user", 
        "fields": {
            "username": "Demo2", 
            "first_name": "de", 
            "last_name": "mos", 
            "is_active": true, 
            "is_superuser": false, 
            "is_staff": false, 
            "last_login": "2013-10-19T03:54:02.721Z", 
            "groups": [
                1
            ], 
            "user_permissions": [], 
            "password": "pbkdf2_sha256$10000$hvD80WuCd5Xm$0UwRYGk9YyNVb6DWlfPVmY2xvjBNh8iNfaz/5plgZ9A=", 
            "email": "demo2@demo.com", 
            "date_joined": "2013-10-19T03:37:30.518Z"
        }
    }, 
    {
        "pk": 9, 
        "model": "auth.user", 
        "fields": {
            "username": "Demo3", 
            "first_name": "Alhambra", 
            "last_name": "Dedara", 
            "is_active": true, 
            "is_superuser": false, 
            "is_staff": false, 
            "last_login": "2013-10-19T03:54:26.621Z", 
            "groups": [
                1
            ], 
            "user_permissions": [], 
            "password": "pbkdf2_sha256$10000$ERKqLHYA8azc$EbFJS+vrYwe48IU1KUJsx+vgcJgwP0cRqUU7/KYGGGw=", 
            "email": "demo3@demo.com", 
            "date_joined": "2013-10-19T03:39:01.642Z"
        }
    }, 
    {
        "pk": 10, 
        "model": "auth.user", 
        "fields": {
            "username": "Demo4", 
            "first_name": "Ade", 
            "last_name": "Mod", 
            "is_active": true, 
            "is_superuser": false, 
            "is_staff": false, 
            "last_login": "2013-10-19T04:09:22.696Z", 
            "groups": [
                1
            ], 
            "user_permissions": [], 
            "password": "pbkdf2_sha256$10000$BBZlg0tKO0QH$4TYFJ/IScc60zxpP8cRD5LzJ0L0MrvYbV10WXh7pWW0=", 
            "email": "demo4@demo.com", 
            "date_joined": "2013-10-19T04:09:22.361Z"
        }
    }, 
    {
        "pk": 1, 
        "model": "sportsrec.member", 
        "fields": {
            "interests": "Hi, my name is...\r\nWho, my name is...\r\nWhat, my name is...", 
            "first_name": "Miles", 
            "last_name": "Edgworth", 
            "twitter": "Milesy", 
            "phone": "091280941", 
            "facebook": "Milesy", 
            "address": "15 Mannikin Heights", 
            "owner": 4, 
            "email": "something@website.com"
        }
    }, 
    {
        "pk": 2, 
        "model": "sportsrec.member", 
        "fields": {
            "interests": "Hi, my name is...\r\nWho, my name is...\r\nWhat, my name is...", 
            "first_name": "Morn", 
            "last_name": "Ingstar", 
            "twitter": "Morn", 
            "phone": "87589281", 
            "facebook": "Morn", 
            "address": "10 Washington way", 
            "owner": 4, 
            "email": "something@website2.com"
        }
    }, 
    {
        "pk": 3, 
        "model": "sportsrec.member", 
        "fields": {
            "interests": "", 
            "first_name": "Mr", 
            "last_name": "Wright", 
            "twitter": "", 
            "phone": "", 
            "facebook": "", 
            "address": "", 
            "owner": 4, 
            "email": "something@website3.com"
        }
    }, 
    {
        "pk": 4, 
        "model": "sportsrec.member", 
        "fields": {
            "interests": "", 
            "first_name": "Repo", 
            "last_name": "Man", 
            "twitter": "", 
            "phone": "", 
            "facebook": "", 
            "address": "Something Somewhere", 
            "owner": 4, 
            "email": "something@website4.com"
        }
    }, 
    {
        "pk": 5, 
        "model": "sportsrec.member", 
        "fields": {
            "interests": "", 
            "first_name": "Last M.", 
            "last_name": "Standing", 
            "twitter": "", 
            "phone": "", 
            "facebook": "Alhambra", 
            "address": "", 
            "owner": 4, 
            "email": "something@website.com"
        }
    }, 
    {
        "pk": 6, 
        "model": "sportsrec.member", 
        "fields": {
            "interests": "", 
            "first_name": "George", 
            "last_name": "Washington", 
            "twitter": "WashingtonPress", 
            "phone": "", 
            "facebook": "", 
            "address": "", 
            "owner": 4, 
            "email": "something@website2.com"
        }
    }, 
    {
        "pk": 7, 
        "model": "sportsrec.member", 
        "fields": {
            "interests": "The quick brown fox jumped over the lazy dog.", 
            "first_name": "Something o.", 
            "last_name": "Other", 
            "twitter": "", 
            "phone": "835789571", 
            "facebook": "", 
            "address": "", 
            "owner": 5, 
            "email": "something@website3.com"
        }
    }, 
    {
        "pk": 8, 
        "model": "sportsrec.member", 
        "fields": {
            "interests": "The quick brown fox jumped over the lazy dog.", 
            "first_name": "Annoying", 
            "last_name": "Git", 
            "twitter": "", 
            "phone": "", 
            "facebook": "", 
            "address": "", 
            "owner": 5, 
            "email": "annoying@club.com"
        }
    }, 
    {
        "pk": 9, 
        "model": "sportsrec.member", 
        "fields": {
            "interests": "", 
            "first_name": "D.D.", 
            "last_name": "Fred", 
            "twitter": "", 
            "phone": "89256892", 
            "facebook": "", 
            "address": "", 
            "owner": 5, 
            "email": "horrible.movies@hollywood.com"
        }
    }, 
    {
        "pk": 10, 
        "model": "sportsrec.member", 
        "fields": {
            "interests": "", 
            "first_name": "Ecks P.", 
            "last_name": "Slosive", 
            "twitter": "", 
            "phone": "", 
            "facebook": "", 
            "address": "", 
            "owner": 6, 
            "email": "something@website4.com"
        }
    }, 
    {
        "pk": 11, 
        "model": "sportsrec.member", 
        "fields": {
            "interests": "", 
            "first_name": "De", 
            "last_name": "Mo", 
            "twitter": "", 
            "phone": "", 
            "facebook": "", 
            "address": "", 
            "owner": 7, 
            "email": "demo1@demo.com"
        }
    }, 
    {
        "pk": 12, 
        "model": "sportsrec.member", 
        "fields": {
            "interests": "", 
            "first_name": "De", 
            "last_name": "mos", 
            "twitter": "", 
            "phone": "", 
            "facebook": "", 
            "address": "", 
            "owner": 8, 
            "email": "demo2@demo.com"
        }
    }, 
    {
        "pk": 13, 
        "model": "sportsrec.member", 
        "fields": {
            "interests": "", 
            "first_name": "Alhambra", 
            "last_name": "Dedara", 
            "twitter": "", 
            "phone": "", 
            "facebook": "", 
            "address": "", 
            "owner": 9, 
            "email": "demo3@demo.com"
        }
    }, 
    {
        "pk": 14, 
        "model": "sportsrec.member", 
        "fields": {
            "interests": "The quick brown fox jumps over the lazy dog.", 
            "first_name": "Ade", 
            "last_name": "Mod", 
            "twitter": "", 
            "phone": "", 
            "facebook": "", 
            "address": "", 
            "owner": 10, 
            "email": "demo4@demo.com"
        }
    }, 
    {
        "pk": 15, 
        "model": "sportsrec.member", 
        "fields": {
            "interests": "", 
            "first_name": "Elan", 
            "last_name": "Greenheart", 
            "twitter": "", 
            "phone": "", 
            "facebook": "", 
            "address": "", 
            "owner": 10, 
            "email": "demo4@demo.com"
        }
    }, 
    {
        "pk": 4, 
        "model": "sportsrec.membershipapplication", 
        "fields": {
            "applied": "2013-10-18", 
            "member": 10, 
            "club": 1, 
            "rejected": true
        }
    }, 
    {
        "pk": 8, 
        "model": "sportsrec.membershipapplication", 
        "fields": {
            "applied": "2013-10-19", 
            "member": 8, 
            "club": 9, 
            "rejected": true
        }
    }, 
    {
        "pk": 1, 
        "model": "sportsrec.membership", 
        "fields": {
            "member": 2, 
            "club": 1, 
            "last_paid": "2019-04-01", 
            "joined": "2013-10-18"
        }
    }, 
    {
        "pk": 2, 
        "model": "sportsrec.membership", 
        "fields": {
            "member": 1, 
            "club": 1, 
            "last_paid": "2013-01-01", 
            "joined": "2013-10-18"
        }
    }, 
    {
        "pk": 3, 
        "model": "sportsrec.membership", 
        "fields": {
            "member": 1, 
            "club": 2, 
            "last_paid": null, 
            "joined": "2013-10-18"
        }
    }, 
    {
        "pk": 4, 
        "model": "sportsrec.membership", 
        "fields": {
            "member": 1, 
            "club": 3, 
            "last_paid": "2018-01-05", 
            "joined": "2013-10-18"
        }
    }, 
    {
        "pk": 5, 
        "model": "sportsrec.membership", 
        "fields": {
            "member": 7, 
            "club": 4, 
            "last_paid": null, 
            "joined": "2013-10-18"
        }
    }, 
    {
        "pk": 6, 
        "model": "sportsrec.membership", 
        "fields": {
            "member": 8, 
            "club": 4, 
            "last_paid": null, 
            "joined": "2013-10-18"
        }
    }, 
    {
        "pk": 7, 
        "model": "sportsrec.membership", 
        "fields": {
            "member": 8, 
            "club": 1, 
            "last_paid": null, 
            "joined": "2013-10-18"
        }
    }, 
    {
        "pk": 8, 
        "model": "sportsrec.membership", 
        "fields": {
            "member": 9, 
            "club": 4, 
            "last_paid": null, 
            "joined": "2013-10-18"
        }
    }, 
    {
        "pk": 9, 
        "model": "sportsrec.membership", 
        "fields": {
            "member": 7, 
            "club": 2, 
            "last_paid": null, 
            "joined": "2013-10-18"
        }
    }, 
    {
        "pk": 11, 
        "model": "sportsrec.membership", 
        "fields": {
            "member": 4, 
            "club": 5, 
            "last_paid": "2013-04-03", 
            "joined": "2013-10-18"
        }
    }, 
    {
        "pk": 13, 
        "model": "sportsrec.membership", 
        "fields": {
            "member": 2, 
            "club": 5, 
            "last_paid": null, 
            "joined": "2013-10-18"
        }
    }, 
    {
        "pk": 14, 
        "model": "sportsrec.membership", 
        "fields": {
            "member": 10, 
            "club": 3, 
            "last_paid": null, 
            "joined": "2013-10-18"
        }
    }, 
    {
        "pk": 15, 
        "model": "sportsrec.membership", 
        "fields": {
            "member": 10, 
            "club": 6, 
            "last_paid": null, 
            "joined": "2013-10-18"
        }
    }, 
    {
        "pk": 16, 
        "model": "sportsrec.membership", 
        "fields": {
            "member": 12, 
            "club": 6, 
            "last_paid": null, 
            "joined": "2013-10-19"
        }
    }, 
    {
        "pk": 17, 
        "model": "sportsrec.membership", 
        "fields": {
            "member": 13, 
            "club": 2, 
            "last_paid": "2013-03-01", 
            "joined": "2013-10-19"
        }
    }, 
    {
        "pk": 18, 
        "model": "sportsrec.membership", 
        "fields": {
            "member": 5, 
            "club": 7, 
            "last_paid": "2013-01-01", 
            "joined": "2013-10-19"
        }
    }, 
    {
        "pk": 19, 
        "model": "sportsrec.membership", 
        "fields": {
            "member": 6, 
            "club": 2, 
            "last_paid": null, 
            "joined": "2013-10-19"
        }
    }, 
    {
        "pk": 20, 
        "model": "sportsrec.membership", 
        "fields": {
            "member": 4, 
            "club": 7, 
            "last_paid": null, 
            "joined": "2013-10-19"
        }
    }, 
    {
        "pk": 21, 
        "model": "sportsrec.membership", 
        "fields": {
            "member": 6, 
            "club": 7, 
            "last_paid": null, 
            "joined": "2013-10-19"
        }
    }, 
    {
        "pk": 22, 
        "model": "sportsrec.membership", 
        "fields": {
            "member": 9, 
            "club": 8, 
            "last_paid": null, 
            "joined": "2013-10-19"
        }
    }, 
    {
        "pk": 23, 
        "model": "sportsrec.membership", 
        "fields": {
            "member": 7, 
            "club": 8, 
            "last_paid": null, 
            "joined": "2013-10-19"
        }
    }, 
    {
        "pk": 24, 
        "model": "sportsrec.membership", 
        "fields": {
            "member": 6, 
            "club": 8, 
            "last_paid": null, 
            "joined": "2013-10-19"
        }
    }, 
    {
        "pk": 25, 
        "model": "sportsrec.membership", 
        "fields": {
            "member": 11, 
            "club": 9, 
            "last_paid": "2016-02-09", 
            "joined": "2013-10-19"
        }
    }, 
    {
        "pk": 26, 
        "model": "sportsrec.membership", 
        "fields": {
            "member": 12, 
            "club": 9, 
            "last_paid": null, 
            "joined": "2013-10-19"
        }
    }, 
    {
        "pk": 27, 
        "model": "sportsrec.membership", 
        "fields": {
            "member": 13, 
            "club": 9, 
            "last_paid": "2018-04-07", 
            "joined": "2013-10-19"
        }
    }, 
    {
        "pk": 28, 
        "model": "sportsrec.membership", 
        "fields": {
            "member": 7, 
            "club": 9, 
            "last_paid": null, 
            "joined": "2013-10-19"
        }
    }, 
    {
        "pk": 29, 
        "model": "sportsrec.membership", 
        "fields": {
            "member": 9, 
            "club": 9, 
            "last_paid": null, 
            "joined": "2013-10-19"
        }
    }, 
    {
        "pk": 30, 
        "model": "sportsrec.membership", 
        "fields": {
            "member": 1, 
            "club": 9, 
            "last_paid": "2019-01-02", 
            "joined": "2013-10-19"
        }
    }, 
    {
        "pk": 31, 
        "model": "sportsrec.membership", 
        "fields": {
            "member": 5, 
            "club": 9, 
            "last_paid": null, 
            "joined": "2013-10-19"
        }
    }, 
    {
        "pk": 32, 
        "model": "sportsrec.membership", 
        "fields": {
            "member": 15, 
            "club": 4, 
            "last_paid": null, 
            "joined": "2013-10-19"
        }
    }, 
    {
        "pk": 33, 
        "model": "sportsrec.membership", 
        "fields": {
            "member": 14, 
            "club": 3, 
            "last_paid": null, 
            "joined": "2013-10-19"
        }
    }, 
    {
        "pk": 1, 
        "model": "sportsrec.clubtag", 
        "fields": {
            "name": "Hi"
        }
    }, 
    {
        "pk": 2, 
        "model": "sportsrec.clubtag", 
        "fields": {
            "name": "Rap"
        }
    }, 
    {
        "pk": 3, 
        "model": "sportsrec.clubtag", 
        "fields": {
            "name": "zap"
        }
    }, 
    {
        "pk": 4, 
        "model": "sportsrec.clubtag", 
        "fields": {
            "name": "Breaking"
        }
    }, 
    {
        "pk": 5, 
        "model": "sportsrec.clubtag", 
        "fields": {
            "name": "the"
        }
    }, 
    {
        "pk": 6, 
        "model": "sportsrec.clubtag", 
        "fields": {
            "name": "Laws"
        }
    }, 
    {
        "pk": 7, 
        "model": "sportsrec.clubtag", 
        "fields": {
            "name": "of"
        }
    }, 
    {
        "pk": 8, 
        "model": "sportsrec.clubtag", 
        "fields": {
            "name": "Physics"
        }
    }, 
    {
        "pk": 9, 
        "model": "sportsrec.clubtag", 
        "fields": {
            "name": "Canning"
        }
    }, 
    {
        "pk": 10, 
        "model": "sportsrec.clubtag", 
        "fields": {
            "name": "bad"
        }
    }, 
    {
        "pk": 11, 
        "model": "sportsrec.clubtag", 
        "fields": {
            "name": "luck"
        }
    }, 
    {
        "pk": 12, 
        "model": "sportsrec.clubtag", 
        "fields": {
            "name": "One"
        }
    }, 
    {
        "pk": 13, 
        "model": "sportsrec.clubtag", 
        "fields": {
            "name": "Two"
        }
    }, 
    {
        "pk": 14, 
        "model": "sportsrec.clubtag", 
        "fields": {
            "name": "Three"
        }
    }, 
    {
        "pk": 1, 
        "model": "sportsrec.club", 
        "fields": {
            "name": "Hi, My name is...", 
            "member_count": 3, 
            "tags": [
                1, 
                2
            ], 
            "twitter": "Temper", 
            "created": "2013-10-18", 
            "recruiting": true, 
            "longitude": "-93.28348", 
            "latitude": "32.61872", 
            "contact": 1, 
            "facebook": "Morn", 
            "address": "10 Lewisville Road", 
            "owner": 2, 
            "type": 10, 
            "description": "Hi, my name is...\r\nWho, my name is...\r\nWhat, my name is..."
        }
    }, 
    {
        "pk": 2, 
        "model": "sportsrec.club", 
        "fields": {
            "name": "Electrical", 
            "member_count": 4, 
            "tags": [
                3
            ], 
            "twitter": "", 
            "created": "2013-10-18", 
            "recruiting": true, 
            "longitude": "115.81717", 
            "latitude": "-32.1374", 
            "contact": 1, 
            "facebook": "Thunder", 
            "address": "17 Mannikin Heights", 
            "owner": 1, 
            "type": 18, 
            "description": "The quick brown fox jumped over the lazy dog."
        }
    }, 
    {
        "pk": 3, 
        "model": "sportsrec.club", 
        "fields": {
            "name": "Thundermite", 
            "member_count": 3, 
            "tags": [
                4, 
                5, 
                6, 
                7, 
                8
            ], 
            "twitter": "Gorn", 
            "created": "2013-10-18", 
            "recruiting": true, 
            "longitude": "115.8809", 
            "latitude": "-31.9769", 
            "contact": 1, 
            "facebook": "", 
            "address": "40 Canning Hwy", 
            "owner": 1, 
            "type": 9, 
            "description": "The quick brown fox jumped over the lazy dog."
        }
    }, 
    {
        "pk": 4, 
        "model": "sportsrec.club", 
        "fields": {
            "name": "AnnoytheNeighbourhood", 
            "member_count": 4, 
            "tags": [
                9
            ], 
            "twitter": "", 
            "created": "2013-10-18", 
            "recruiting": true, 
            "longitude": "115.88116", 
            "latitude": "-31.97662", 
            "contact": 8, 
            "facebook": "LiveToAnnoy", 
            "address": "34 Canning Highway", 
            "owner": 7, 
            "type": 13, 
            "description": "The quick brown fox jumped over the lazy dog."
        }
    }, 
    {
        "pk": 5, 
        "model": "sportsrec.club", 
        "fields": {
            "name": "Club 5", 
            "member_count": 2, 
            "tags": [
                10, 
                11
            ], 
            "twitter": "", 
            "created": "2013-10-18", 
            "recruiting": true, 
            "longitude": "-95.25064", 
            "latitude": "30.0022", 
            "contact": null, 
            "facebook": "Elonerth", 
            "address": "12 Wilson Road", 
            "owner": 4, 
            "type": 4, 
            "description": "The quick brown fox jumped over the lazy dog."
        }
    }, 
    {
        "pk": 6, 
        "model": "sportsrec.club", 
        "fields": {
            "name": "Tiny Tina", 
            "member_count": 2, 
            "tags": [
                12, 
                13, 
                14
            ], 
            "twitter": "", 
            "created": "2013-10-18", 
            "recruiting": true, 
            "longitude": "-113.52103", 
            "latitude": "47.1687", 
            "contact": 10, 
            "facebook": "", 
            "address": "In the Borderlands", 
            "owner": 10, 
            "type": 3, 
            "description": "The quick brown fox jumped over the lazy dog."
        }
    }, 
    {
        "pk": 7, 
        "model": "sportsrec.club", 
        "fields": {
            "name": "Testadmin", 
            "member_count": 3, 
            "tags": [], 
            "twitter": "", 
            "created": "2013-10-19", 
            "recruiting": true, 
            "longitude": "-105.75614", 
            "latitude": "39.26742", 
            "contact": null, 
            "facebook": "", 
            "address": "123 Australian Road", 
            "owner": 5, 
            "type": 18, 
            "description": "The quick brown fox jumps over the lazy dog."
        }
    }, 
    {
        "pk": 8, 
        "model": "sportsrec.club", 
        "fields": {
            "name": "Another Club", 
            "member_count": 3, 
            "tags": [], 
            "twitter": "", 
            "created": "2013-10-19", 
            "recruiting": true, 
            "longitude": "-91.36169", 
            "latitude": "37.14497", 
            "contact": null, 
            "facebook": "", 
            "address": "58 Something Street", 
            "owner": 9, 
            "type": 1, 
            "description": "The quick brown fox jumps over the lazy dog."
        }
    }, 
    {
        "pk": 9, 
        "model": "sportsrec.club", 
        "fields": {
            "name": "Demo", 
            "member_count": 7, 
            "tags": [], 
            "twitter": "", 
            "created": "2013-10-19", 
            "recruiting": true, 
            "longitude": "115.84125", 
            "latitude": "-32.27589", 
            "contact": null, 
            "facebook": "", 
            "address": "1 Kwinana Freeway", 
            "owner": 11, 
            "type": 11, 
            "description": "The quick brown fox jumps over the lazy dog."
        }
    }, 
    {
        "pk": 1, 
        "model": "sportsrec.clubtype", 
        "fields": {
            "club_count": 1, 
            "name": "Soccer", 
            "description": "A soccer club, or a club about soccer"
        }
    }, 
    {
        "pk": 2, 
        "model": "sportsrec.clubtype", 
        "fields": {
            "club_count": 0, 
            "name": "Hockey", 
            "description": "A hockey club, or a club about hockey"
        }
    }, 
    {
        "pk": 3, 
        "model": "sportsrec.clubtype", 
        "fields": {
            "club_count": 1, 
            "name": "AFL", 
            "description": "An AFL club, or a club about AFL"
        }
    }, 
    {
        "pk": 4, 
        "model": "sportsrec.clubtype", 
        "fields": {
            "club_count": 1, 
            "name": "Swimming", 
            "description": "A swimming club, or a club about swimming"
        }
    }, 
    {
        "pk": 5, 
        "model": "sportsrec.clubtype", 
        "fields": {
            "club_count": 0, 
            "name": "Basketball", 
            "description": "A basketball club, or a club about basketball"
        }
    }, 
    {
        "pk": 6, 
        "model": "sportsrec.clubtype", 
        "fields": {
            "club_count": 0, 
            "name": "Tennis", 
            "description": "A tennis club, or a club about tennis"
        }
    }, 
    {
        "pk": 7, 
        "model": "sportsrec.clubtype", 
        "fields": {
            "club_count": 0, 
            "name": "Rugby", 
            "description": "A rugby club, or a club about rugby"
        }
    }, 
    {
        "pk": 8, 
        "model": "sportsrec.clubtype", 
        "fields": {
            "club_count": 0, 
            "name": "Formula One", 
            "description": "A formula one racing club, or a club about formula one racing"
        }
    }, 
    {
        "pk": 9, 
        "model": "sportsrec.clubtype", 
        "fields": {
            "club_count": 1, 
            "name": "Gaming", 
            "description": "A gaming club, or a club about games"
        }
    }, 
    {
        "pk": 10, 
        "model": "sportsrec.clubtype", 
        "fields": {
            "club_count": 1, 
            "name": "Hunting", 
            "description": "A club about game hunting"
        }
    }, 
    {
        "pk": 11, 
        "model": "sportsrec.clubtype", 
        "fields": {
            "club_count": 1, 
            "name": "Cricket", 
            "description": "A cricket club, or a club about cricket"
        }
    }, 
    {
        "pk": 12, 
        "model": "sportsrec.clubtype", 
        "fields": {
            "club_count": 0, 
            "name": "Sailing", 
            "description": "A sailing club, or a club about sailing"
        }
    }, 
    {
        "pk": 13, 
        "model": "sportsrec.clubtype", 
        "fields": {
            "club_count": 1, 
            "name": "Recreation", 
            "description": "A recreation club, or a club about recreating"
        }
    }, 
    {
        "pk": 14, 
        "model": "sportsrec.clubtype", 
        "fields": {
            "club_count": 0, 
            "name": "Hobby", 
            "description": "A hobby club, or a club about hobbies"
        }
    }, 
    {
        "pk": 15, 
        "model": "sportsrec.clubtype", 
        "fields": {
            "club_count": 0, 
            "name": "Social", 
            "description": "A social club, or a club about socials"
        }
    }, 
    {
        "pk": 16, 
        "model": "sportsrec.clubtype", 
        "fields": {
            "club_count": 0, 
            "name": "Country", 
            "description": "A Country club, or a club about the country"
        }
    }, 
    {
        "pk": 17, 
        "model": "sportsrec.clubtype", 
        "fields": {
            "club_count": 0, 
            "name": "Dance", 
            "description": "A dance club, or a club about dancing."
        }
    }, 
    {
        "pk": 18, 
        "model": "sportsrec.clubtype", 
        "fields": {
            "club_count": 2, 
            "name": "Other", 
            "description": "None of the above."
        }
    }
]